core_freq,gpu_freq,emc_freq,num_cores,memory_growth,logical_devices,scheduler.policy,vm.swappiness,vm.vfs_cache_pressure,vm.dirty_background_ratio,vm.drop_caches,vm.nr_hugepages,vm.overcommit_ratio,vm.overcommit_memory,vm.overcommit_hugepages,kernel.sched_child_runs_first,kernel.sched_rt_runtime_us,vm.dirty_bytes,vm.dirty_background_bytes,vm.dirty_ratio,swap_memory,kernel.max_pids,kernel.sched_latency_ns,kernel.sched_nr_migrate,kernel.cpu_time_max_percent,kernel.sched_time_avg_ms,inference_time,total_energy_consumption
2188800.0,268800.0,600000000.0,2.0,0.5,2.0,0,100,500,80,0,1,50,1,2,1,950000,30,60,50,1,32768,24000000,128,100,1000,40.12014369365677,150035.72653858273
1881600.0,1190400.0,2133000000.0,3.0,0.9,1.0,0,60,100,80,3,2,50,1,2,1,500000,60,60,5,4,65536,24000000,256,100,2000,37.132912836177866,164363.00867342087
1344000.0,1267200.0,800000000.0,4.0,0.5,2.0,0,60,500,10,3,1,50,0,2,1,950000,60,60,5,4,65536,24000000,128,50,1000,36.98146669330123,156145.6357167094
115200.0,1113600.0,204000000.0,2.0,0.5,2.0,0,100,100,10,3,2,60,0,2,1,950000,60,60,5,1,65536,24000000,256,50,1000,38.03372376658272,172980.72770941333
2265600.0,268800.0,1065600000.0,3.0,0.9,2.0,0,60,100,10,3,1,50,0,2,1,950000,60,30,5,4,32768,24000000,256,100,2000,37.99615493086969,161236.00225784455
2265600.0,1728000.0,204000000.0,2.0,0.5,2.0,0,100,500,80,0,2,60,0,1,0,500000,30,30,5,4,32768,24000000,256,100,1000,35.031923924666195,156490.08577475208
1113600.0,1420800.0,600000000.0,3.0,0.9,2.0,0,100,100,80,3,2,50,0,1,1,950000,30,30,50,4,32768,96000000,128,50,1000,37.07986149561833,171602.03790329953
729600.0,2265600.0,800000000.0,4.0,0.5,1.0,0,100,100,10,3,2,60,0,2,0,950000,60,30,50,1,65536,96000000,256,100,1000,40.203538772583954,140469.77406853013
192000.0,883200.0,800000000.0,2.0,0.9,2.0,0,60,100,80,3,2,60,1,2,1,950000,30,60,5,4,65536,24000000,128,50,2000,34.60398073023145,162047.4066761024
