{"TX2": {"Image": {"inference_time": {"0": {"measurement": 60.0}, "1": {"measurement": 58.3670203343}, "2": {"measurement": 48.7039226923}, "3": {"measurement": 59.451712038000004}, "4": {"measurement": 51.7907387446}, "5": {"measurement": 55.4223033572}, "6": {"measurement": 54.3281114946}, "7": {"measurement": 55.7173044205}, "8": {"measurement": 51.847722623}, "9": {"measurement": 52.4674630266}, "10": {"measurement": 50.9839951695}, "11": {"measurement": 57.199615214}, "12": {"measurement": 53.620530304300004}, "13": {"measurement": 57.4643436364}, "14": {"measurement": 54.52450390439999}, "15": {"measurement": 55.478500719399996}, "16": {"measurement": 49.9599764004}, "17": {"measurement": 54.2844571397}, "18": {"measurement": 50.9627620827}, "19": {"measurement": 54.680997473699996}, "20": {"measurement": 59.7714841767}, "21": {"measurement": 58.0666609705}, "22": {"measurement": 52.7831488119}, "23": {"measurement": 54.1647952466}, "24": {"measurement": 54.9616258807}, "25": {"measurement": 58.2068301673}, "26": {"measurement": 55.431370683500006}, "27": {"measurement": 52.3107001347}, "28": {"measurement": 59.6395729555}, "29": {"measurement": 57.1145430075}, "30": {"measurement": 57.7264653418}, "31": {"measurement": 48.2674605012}, "32": {"measurement": 53.9620814029}, "33": {"measurement": 51.8290298561}, "34": {"measurement": 54.425681427}, "35": {"measurement": 52.0860834032}, "36": {"measurement": 48.389920314099996}, "37": {"measurement": 48.782160278999996}, "38": {"measurement": 50.2718723938}, "39": {"measurement": 55.5560811508}, "40": {"measurement": 57.8797510286}, "41": {"measurement": 48.3244738932}, "42": {"measurement": 53.0325927507}, "43": {"measurement": 48.2406930933}, "44": {"measurement": 59.8957255918}, "45": {"measurement": 49.854298873299996}, "46": {"measurement": 52.4445140512}, "47": {"measurement": 53.6754629896}, "48": {"measurement": 53.1357465779}, "49": {"measurement": 49.41469521770001}, "50": {"measurement": 58.0895923641}, "51": {"measurement": 51.85640757149999}, "52": {"measurement": 43.7096507796}, "53": {"measurement": 41.1150161372}, "54": {"measurement": 46.8023301814}, "55": {"measurement": 44.9347962625}, "56": {"measurement": 47.0826754891}, "57": {"measurement": 42.7414701466}, "58": {"measurement": 44.3365285837}, "59": {"measurement": 47.5021515661}, "60": {"measurement": 42.2396429489}, "61": {"measurement": 44.4987827976}, "62": {"measurement": 47.2317647466}, "63": {"measurement": 45.927742772799995}, "64": {"measurement": 45.674177649099995}, "65": {"measurement": 46.3322600979}, "66": {"measurement": 42.3953088448}, "67": {"measurement": 47.43430039689999}, "68": {"measurement": 42.0093286742}, "69": {"measurement": 44.3703123725}, "70": {"measurement": 43.716849412799995}, "71": {"measurement": 40.706565011799995}, "72": {"measurement": 42.9154665832}, "73": {"measurement": 41.9988349738}, "74": {"measurement": 43.370686537}, "75": {"measurement": 45.696048385299996}, "76": {"measurement": 46.4404447266}, "77": {"measurement": 42.3659082689}, "78": {"measurement": 44.0064121228}, "79": {"measurement": 44.811019393900004}, "80": {"measurement": 41.69193626}, "81": {"measurement": 47.6129853405}, "82": {"measurement": 47.8841091611}, "83": {"measurement": 43.1489424353}, "84": {"measurement": 42.301037419800004}, "85": {"measurement": 47.504834152700006}, "86": {"measurement": 42.642446863800004}, "87": {"measurement": 46.864917199}, "88": {"measurement": 46.9708442278}, "89": {"measurement": 42.7653171042}, "90": {"measurement": 45.857158630600004}, "91": {"measurement": 45.661087414499995}, "92": {"measurement": 47.75686024310001}, "93": {"measurement": 42.2414099092}, "94": {"measurement": 46.337620011300004}, "95": {"measurement": 40.0255846763}, "96": {"measurement": 44.800890757}, "97": {"measurement": 41.6095436753}, "98": {"measurement": 44.1601142629}, "99": {"measurement": 45.4391584954}, "100": {"measurement": 46.7078015444}, "101": {"measurement": 42.7355475718}, "102": {"measurement": 46.045616841000005}, "103": {"measurement": 42.268639810500005}, "104": {"measurement": 46.0747657725}, "105": {"measurement": 46.63433312350001}, "106": {"measurement": 40.6793777073}, "107": {"measurement": 47.437113877600005}, "108": {"measurement": 27.3579906039}, "109": {"measurement": 33.4377318137}, "110": {"measurement": 23.5472766357}, "111": {"measurement": 34.268585406999996}, "112": {"measurement": 21.1012512204}, "113": {"measurement": 23.0331863307}, "114": {"measurement": 33.409600902600005}, "115": {"measurement": 32.8124783326}, "116": {"measurement": 23.3162995631}, "117": {"measurement": 35.7363487641}, "118": {"measurement": 25.5838880752}, "119": {"measurement": 33.6288665284}, "120": {"measurement": 39.42239457}, "121": {"measurement": 26.254986195700003}, "122": {"measurement": 21.6615347608}, "123": {"measurement": 20.8744112812}, "124": {"measurement": 24.270688194699996}, "125": {"measurement": 38.8188673136}, "126": {"measurement": 39.7517670008}, "127": {"measurement": 39.7591827031}, "128": {"measurement": 27.839287999}, "129": {"measurement": 22.233484932899998}, "130": {"measurement": 31.099253730700003}, "131": {"measurement": 29.634224321599998}, "132": {"measurement": 37.6242094503}, "133": {"measurement": 33.0733503894}, "134": {"measurement": 38.935819918}, "135": {"measurement": 24.740658544400002}, "136": {"measurement": 33.164791242}, "137": {"measurement": 28.6187664684}, "138": {"measurement": 23.055659505799998}, "139": {"measurement": 36.9456226971}, "140": {"measurement": 39.0963250439}, "141": {"measurement": 22.117761695}, "142": {"measurement": 26.5095840177}, "143": {"measurement": 34.3348704805}, "144": {"measurement": 25.8432973498}, "145": {"measurement": 22.1294927673}, "146": {"measurement": 36.157440169699996}, "147": {"measurement": 22.5836368567}, "148": {"measurement": 25.847552959899996}, "149": {"measurement": 39.5393523153}, "150": {"measurement": 27.2863070557}, "151": {"measurement": 30.6063309867}, "152": {"measurement": 36.4891975873}, "153": {"measurement": 34.4806359732}, "154": {"measurement": 29.2200653863}, "155": {"measurement": 34.318506694}, "156": {"measurement": 30.5674554954}, "157": {"measurement": 32.6697286693}, "158": {"measurement": 29.5996763014}, "159": {"measurement": 23.548761246999998}, "160": {"measurement": 23.01681331}, "161": {"measurement": 20.7706497396}, "162": {"measurement": 29.8323533434}, "163": {"measurement": 35.5028707762}, "164": {"measurement": 20.997879780199998}, "165": {"measurement": 39.4901931749}, "166": {"measurement": 32.3028730887}, "167": {"measurement": 27.5133621573}, "168": {"measurement": 31.7778365368}, "169": {"measurement": 25.32460763}, "170": {"measurement": 35.2898598936}, "171": {"measurement": 31.8976283301}, "172": {"measurement": 34.7359760592}, "173": {"measurement": 31.4844262572}, "174": {"measurement": 24.7007941461}, "175": {"measurement": 29.250800048400002}, "176": {"measurement": 25.485266545100004}, "177": {"measurement": 20.4949731952}, "178": {"measurement": 39.9664424969}, "179": {"measurement": 36.3854372141}, "180": {"measurement": 28.3409716569}, "181": {"measurement": 39.3283480269}, "182": {"measurement": 36.0445745604}, "183": {"measurement": 37.0362220617}, "184": {"measurement": 21.635598787}, "185": {"measurement": 38.1999805156}, "186": {"measurement": 23.5167353944}, "187": {"measurement": 30.331012762100002}, "188": {"measurement": 36.009801788800004}, "189": {"measurement": 36.242796039699996}, "190": {"measurement": 20.0274942774}, "191": {"measurement": 20.839270259}, "192": {"measurement": 20.7815568602}, "193": {"measurement": 30.9090781933}, "194": {"measurement": 28.3597772818}, "195": {"measurement": 30.1821591352}, "196": {"measurement": 27.356070371399998}, "197": {"measurement": 24.137372966399997}, "198": {"measurement": 36.657568965500005}, "199": {"measurement": 36.4700817526}},