{"cur_total_power": 56780, "cur_gpu_power": 25924, "cur_cpu_power": 36528, "cur_inference": 8.79916000366211, "cur_total_temp": 100000.0, "cur_gpu_temp": 31529.41176470588, "cur_cpu_temp": 33441.17647058824}